region,pop_2015,pop_2030,lpv_own_2015,lpv_own_2030,lpv_r80_2030,lps_own_2015,lps_own_2030,lps_r80_2030
EAS,137.56807,138.2959,34.723274,19.329916,12.776853,15.435365,8.9940414,8.4547911
ECS,27.007072,31.968,10.678574,3.0717149,1.6498086,.93190002,.33037865,.25235894
LCN,53.264385,50.470798,52.139271,47.162872,23.585146,8.9738846,8.0085897,5.6957173
MEA,32.533279,43.752998,63.566669,55.519154,41.211437,6.6824527,8.1727142,8.6277046
SAS,174.64784,167.20898,59.594543,53.782238,30.857782,33.63166,30.25618,24.688461
SSF,123.15903,171.0119,86.300911,76.887276,63.892162,34.344738,44.238094,52.280964
_Overall,548.17969,602.70862,56.454491,49.31477,34.675514,100,100,100
