region,pop_2015,pop_2030,lpv_own_2015,lpv_own_2030,lpv_r80_2030,lps_own_2015,lps_own_2030,lps_r80_2030
EAS,137.06055,137.82791,21.1647,11.358292,1.8283305,10.048742,5.8070078,1.5238901
ECS,27.044895,31.761,13.286224,6.7269106,2.6292293,1.2447268,.79252338,.50499189
LCN,53.347,50.581799,50.779083,41.585373,23.980068,9.3838701,7.8025603,7.3351073
MEA,32.533279,43.752998,63.299294,55.088978,28.906893,7.1336837,8.9407673,7.6484079
SAS,174.64784,167.18701,58.205475,48.975708,31.528131,35.213905,30.372849,31.875906
SSF,123.15903,171.0136,86.667374,72.962669,49.422859,36.975071,46.28429,51.111694
_Overall,547.7926,602.12433,52.698311,44.772522,27.463259,100,100,100
