region,pop_2015,pop_2030,lpv_own_2015,lpv_own_2030,lpv_r80_2030,lps_own_2015,lps_own_2030,lps_r80_2030
EAS,137.56807,138.2959,34.723274,20.664274,11.740611,15.435365,9.6702356,7.9649768
ECS,27.007072,31.968,10.678574,2.968646,1.7007853,.93190002,.32113042,.26671624
LCN,53.264385,50.470798,52.139271,47.162888,35.078094,8.9738846,8.054678,8.6848164
MEA,32.533279,43.752998,63.566669,56.771763,36.446159,6.6824527,8.4051952,7.8224735
SAS,174.64784,167.20898,59.594543,53.714302,37.810585,33.63166,30.391851,31.013983
SSF,123.15903,171.0119,86.300911,74.578972,52.744034,34.344738,43.15691,44.247036
_Overall,548.17969,602.70862,56.454491,49.032612,33.822689,100,100,100
