region,pop_2015,pop_2030,lpv_own_2015,lpv_own_2030,lpv_r80_2030,lps_own_2015,lps_own_2030,lps_r80_2030
EAS,137.06055,137.82791,21.1647,4.4420638,.15002166,10.048742,2.2604487,.12031931
ECS,27.044895,31.761,13.286224,3.1984007,.80880296,1.2447268,.37505913,.14947933
LCN,53.347,50.581799,50.779083,39.416515,22.83053,9.3838701,7.3611417,6.7197719
MEA,32.533279,43.752998,63.299294,51.211834,29.414488,7.1336837,8.272768,7.4888196
SAS,174.64784,167.18701,58.205475,45.391834,19.47456,35.213905,28.01902,18.945864
SSF,123.15903,171.0136,86.667374,85.06765,66.902313,36.975071,53.711563,66.575745
_Overall,547.7926,602.12433,52.698311,44.982246,28.541027,100,100,100
