region,pop_2015,pop_2030,lpv_own_2015,lpv_own_2030,lpv_r80_2030,lps_own_2015,lps_own_2030,lps_r80_2030
EAS,137.56807,138.2959,34.723274,18.524252,10.286269,15.435365,8.8379431,7.2725606
ECS,27.007072,31.968,10.678574,2.8165104,1.1538861,.93190002,.31061903,.18858127
LCN,53.264385,50.470798,52.139271,47.162888,27.514614,8.9738846,8.2118645,7.0994349
MEA,32.533279,43.752998,63.566669,52.080296,31.731674,6.6824527,7.8610854,7.0977545
SAS,174.64784,167.20898,59.594543,47.474567,27.560671,33.63166,27.385574,23.55969
SSF,123.15903,171.0119,86.300911,80.33149,62.660122,34.344738,47.392914,54.781979
_Overall,548.17969,602.70862,56.454491,48.094055,32.454315,100,100,100
