region,pop_2015,pop_2030,lpv_own_2015,lpv_own_2030,lpv_r80_2030,lps_own_2015,lps_own_2030,lps_r80_2030
EAS,137.06055,137.82791,21.1647,9.8950253,1.5025971,10.048742,5.1918259,1.2968612
ECS,27.044895,31.761,13.286224,6.7269106,2.6292293,1.2447268,.81334698,.52292138
LCN,53.347,50.581799,50.779083,41.585373,23.980068,9.3838701,8.0075731,7.5955367
MEA,32.533279,43.752998,63.299294,44.559193,22.838743,7.1336837,7.4218335,6.2573981
SAS,174.64784,167.18701,58.205475,47.41119,29.993401,35.213905,30.17515,31.400892
SSF,123.15903,171.0136,86.667374,74.329521,49.422859,36.975071,48.39027,52.926392
_Overall,547.7926,602.12433,52.698311,43.62624,26.521622,100,100,100
