region,pop_2015,pop_2030,lpv_own_2015,lpv_own_2030,lpv_r80_2030,lps_own_2015,lps_own_2030,lps_r80_2030
EAS,137.06055,137.82791,21.1647,6.433795,.34061652,10.048742,3.3183558,.28814289
ECS,27.044895,31.761,13.286224,3.3977602,1.8019266,1.2447268,.4038364,.35126615
LCN,53.347,50.581799,50.779083,39.579128,23.738907,9.3838701,7.4916773,7.369873
MEA,32.533279,43.752998,63.299294,56.171352,28.906893,7.1336837,9.1968966,7.7627263
SAS,174.64784,167.18701,58.205475,50.474407,31.528131,35.213905,31.578558,32.352345
SSF,123.15903,171.0136,86.667374,75.021996,49.422859,36.975071,48.010677,51.875645
_Overall,547.7926,602.12433,52.698311,44.380817,27.058819,100,100,100
