region,pop_2015,pop_2030,lpv_own_2015,lpv_own_2030,lpv_r80_2030,lps_own_2015,lps_own_2030,lps_r80_2030
EAS,137.56807,138.2959,34.723274,26.011557,14.542328,15.435365,12.085933,9.6939878
ECS,27.007072,31.968,10.678574,4.0356321,1.7007853,.93190002,.43344256,.26207414
LCN,53.264385,50.470798,52.139271,47.098652,35.078094,8.9738846,7.9864392,8.5336609
MEA,32.533279,43.752998,63.566669,55.747925,36.446159,6.6824527,8.1948519,7.686326
SAS,174.64784,167.20898,59.594543,52.253712,37.547791,33.63166,29.354948,30.26239
SSF,123.15903,171.0119,86.300911,73.00338,52.846703,34.344738,41.944386,43.561562
_Overall,548.17969,602.70862,56.454491,49.384205,34.421787,100,100,100
